{
  "timestamp": "2025-04-15T14:45:08.165Z",
  "target": "host",
  "cpu": {
    "user": 431013388,
    "nice": 334678,
    "system": 125519276,
    "idle": 1626794479,
    "iowait": 1335442,
    "irq": 12764326,
    "softirq": 7891459,
    "steal": 4123788,
    "total": 2209776836,
    "usage_percent": 26.321522858066558,
    "source": "/host/proc/stat"
  },
  "memory": {
    "MemTotal": 16497639424,
    "MemFree": 365711360,
    "MemAvailable": 8789127168,
    "Buffers": 0,
    "Cached": 5855608832,
    "SwapCached": 0,
    "Active": 7253876736,
    "Inactive": 3828731904,
    "Unevictable": 1572864,
    "Mlocked": 0,
    "SwapTotal": 0,
    "SwapFree": 0,
    "Zswap": 0,
    "Zswapped": 0,
    "Dirty": 3121152,
    "Writeback": 0,
    "AnonPages": 5020979200,
    "Mapped": 1026265088,
    "Shmem": 582488064,
    "KReclaimable": 3509583872,
    "Slab": 4372488192,
    "SReclaimable": 3509583872,
    "SUnreclaim": 862904320,
    "KernelStack": 16105472,
    "PageTables": 81043456,
    "SecPageTables": 0,
    "NFS_Unstable": 0,
    "Bounce": 0,
    "WritebackTmp": 0,
    "CommitLimit": 8248819712,
    "Committed_AS": 8047230976,
    "VmallocTotal": 35184372087808,
    "VmallocUsed": 29872128,
    "VmallocChunk": 0,
    "Percpu": 11665408,
    "HardwareCorrupted": 0,
    "AnonHugePages": 2004877312,
    "ShmemHugePages": 0,
    "ShmemPmdMapped": 0,
    "FileHugePages": 0,
    "FilePmdMapped": 0,
    "CmaTotal": 0,
    "CmaFree": 0,
    "Unaccepted": 0,
    "HugePages_Total": 0,
    "HugePages_Free": 0,
    "HugePages_Rsvd": 0,
    "HugePages_Surp": 0,
    "Hugepagesize": 2097152,
    "Hugetlb": 0,
    "DirectMap4k": 174063616,
    "DirectMap2M": 11637096448,
    "DirectMap1G": 6442450944,
    "MemUsed": 16131928064,
    "MemUsedPercent": 97.78325037539625,
    "MemUsedActual": 7708512256,
    "MemUsedPercentActual": 46.72494081053811,
    "source": "/host/proc/meminfo"
  },
  "disk": {
    "xvda": {
      "reads_completed": 3996485,
      "sectors_read": 232754431,
      "time_reading_ms": 11205454,
      "writes_completed": 42251416,
      "sectors_written": 2145816357,
      "time_writing_ms": 54860668,
      "io_in_progress": 0,
      "time_io_ms": 21168923,
      "weighted_time_io_ms": 66066123,
      "bytes_read": 119170268672,
      "bytes_written": 1098657974784
    },
    "xvda1": {
      "reads_completed": 39,
      "sectors_read": 312,
      "time_reading_ms": 20,
      "writes_completed": 0,
      "sectors_written": 0,
      "time_writing_ms": 0,
      "io_in_progress": 0,
      "time_io_ms": 23,
      "weighted_time_io_ms": 20,
      "bytes_read": 159744,
      "bytes_written": 0
    },
    "xvda2": {
      "reads_completed": 243,
      "sectors_read": 13232,
      "time_reading_ms": 171,
      "writes_completed": 1,
      "sectors_written": 1,
      "time_writing_ms": 0,
      "io_in_progress": 0,
      "time_io_ms": 147,
      "weighted_time_io_ms": 172,
      "bytes_read": 6774784,
      "bytes_written": 512
    },
    "xvda3": {
      "reads_completed": 519,
      "sectors_read": 97729,
      "time_reading_ms": 1070,
      "writes_completed": 24,
      "sectors_written": 4171,
      "time_writing_ms": 51,
      "io_in_progress": 0,
      "time_io_ms": 179,
      "weighted_time_io_ms": 1121,
      "bytes_read": 50037248,
      "bytes_written": 2135552
    },
    "xvda4": {
      "reads_completed": 3995502,
      "sectors_read": 232636430,
      "time_reading_ms": 11204104,
      "writes_completed": 42251391,
      "sectors_written": 2145812185,
      "time_writing_ms": 54860616,
      "io_in_progress": 0,
      "time_io_ms": 21726256,
      "weighted_time_io_ms": 66064721,
      "bytes_read": 119109852160,
      "bytes_written": 1098655838720
    },
    "main_disk": "xvda",
    "total_reads": 3996485,
    "total_writes": 42251416,
    "total_bytes_read": 119170268672,
    "total_bytes_written": 1098657974784,
    "source": "/host/proc/diskstats"
  },
  "network": {
    "lo": {
      "rx_bytes": 0,
      "rx_packets": 0,
      "rx_errs": 0,
      "rx_drop": 0,
      "tx_bytes": 0,
      "tx_packets": 0,
      "tx_errs": 0,
      "tx_drop": 0,
      "rx_kb": 0,
      "tx_kb": 0,
      "rx_mb": 0,
      "tx_mb": 0
    },
    "eth0": {
      "rx_bytes": 43845,
      "rx_packets": 618,
      "rx_errs": 0,
      "rx_drop": 0,
      "tx_bytes": 1942712,
      "tx_packets": 610,
      "tx_errs": 0,
      "tx_drop": 0,
      "rx_kb": 43,
      "tx_kb": 1897,
      "rx_mb": 0.04,
      "tx_mb": 1.85
    },
    "main_interface": "eth0",
    "total_rx_bytes": 43845,
    "total_tx_bytes": 1942712,
    "total_rx_mb": 0.04,
    "total_tx_mb": 1.85,
    "source": "/host/proc/net/dev"
  }
}